lower_limit,upper_limit,T_weighted,lnRR_type,se_small_sample
-0.024052669059447647,-0.02356199580184451,-0.02380733243064608,interaction,0.005851587298407101
-0.02000763297991622,-0.01986243602583627,-0.019935034502876245,overall_CO2,0.0032974362835642957
0.5735614548112851,0.5771767450428638,0.5753690999270744,overall_food,0.007848063429323206
