lower_limit,upper_limit,T_weighted,lnRR_type,se_small_sample
-0.04175408742666846,-0.04098387924657476,-0.04136898333662161,interaction,0.008263984323751665
-0.026298865134396585,-0.026104476766234844,-0.026201670950315715,overall_CO2,0.004152747523727811
0.8846726645107204,0.9005664446451598,0.8926195545779401,overall_food,0.00964645224528389
