lower_limit,upper_limit,T_weighted,lnRR_type,se_small_sample
0.13071979598595432,0.13797746784452938,0.13434863191524185,interaction,0.030868474981328033
-0.26275723250151495,-0.2608598222995512,-0.26180852740053306,overall_CO2,0.015701248501065065
1.0462622899935474,1.0859701854902357,1.0661162377418916,overall_food,0.020020261195062953
