lower_limit,upper_limit,T_weighted,lnRR_type,se_small_sample
0.0497269822901052,0.05084064455946038,0.05028381342478279,interaction,0.005520702848257442
-0.010376578283611361,-0.008791041998450436,-0.009583810141030899,overall_CO2,0.00937157558635513
-0.8379830939117385,-0.7887434969479745,-0.8133632954298565,overall_food,0.014644465954558095
