lower_limit,upper_limit,T_weighted,lnRR_type,se_small_sample
-0.0767056660648185,-0.0687296443293539,-0.0727176551970862,interaction,0.03973256942322308
-0.18658309399694833,-0.18162379747658125,-0.1841034457367648,overall_CO2,0.017963886632211077
-0.577093429191014,-0.5020203566465088,-0.5395568929187614,overall_food,0.025839971618914558
