lower_limit,upper_limit,T_weighted,lnRR_type,se_small_sample
-0.045242460473986,-0.04480826697814215,-0.045025363726064076,interaction,0.006029112629160237
-0.02376477254733684,-0.023461411836163557,-0.023613092191750198,overall_CO2,0.0050840282968784576
0.7049252386000874,0.722321626293737,0.7136234324469122,overall_food,0.015979666662965995
