lower_limit,upper_limit,T_weighted,lnRR_type,se_small_sample
0.10903765580090309,0.1156977225331526,0.11236768916702784,interaction,0.03639921144974624
-0.2275337484114841,-0.22260246805119466,-0.22506810823133938,overall_CO2,0.017529887501353862
0.8029859730318916,0.8757472340532466,0.8393666035425691,overall_food,0.02219555287400105
